Metric,Common Flares (y1),Moderate Flares (y2),Severe Flares (y3)
RMSE,1.2756097316741943,0.5481129884719849,0.15978074073791504
MAE,0.8936816453933716,0.20758308470249176,0.05588636174798012
R²,-0.003964900970458984,-0.03610730171203613,-0.07814764976501465
