Metric,Common Flares (y1),Moderate Flares (y2),Severe Flares (y3)
RMSE,1.261899709701538,0.5460877418518066,0.16875594854354858
MAE,0.9172764420509338,0.19239242374897003,0.06355036050081253
R²,0.017499983310699463,-0.028464794158935547,-0.202673077583313
