Metric,Common Flares (y1),Moderate Flares (y2),Severe Flares (y3)
RMSE,1.3099924325942993,0.5430671572685242,0.15828993916511536
MAE,0.8975434899330139,0.20022568106651306,0.04205726459622383
R²,-0.05881554236014308,-0.017118636865948833,-0.05812275816077683
